18ab9d8947c08014ff40bdb67c5ca065b6e80ba4,1591093239,.
7e018e636629cfc54c5f38e27edd5063f3a38dee,1591006152,.
2395dc48fb5212479680502dbbc7305004a1817c,1590920214,.
f888dbd9ce1597b3e77a059fd57703091e9da53a,1590833493,.
48a3bd199a75b5a0a247c900443e2c3bf766837f,1590747176,.
3b697864dbb2e58d75c52c784a5ef590b2bfb0cd,1590660918,.
a4973f04b93f28155e41672ae3f394fb7424e814,1590573718,.
fcbffa3d1632cee71c14698b7c921e1eb981d5d3,1590487781,.
6c26f3cb455fe3fa711071823c8da26aff6d4f9d,1590401098,.
2a4cff886a2387a5d73f135ed818edd579f4017d,1590314461,.
c571b278a394ecb3a9ddb023ce12cef95ea5cdba,1590226384,.
dd701c3be6322bd073a3ed8e7ddce5e5e31dcb30,1590141971,.
c125fd3cf9e4ecb1282e49fdd01513121350c705,1590056379,.
d90700be7ae83e65b86793516cfebe77946e6a7b,1589969906,.
dc6d445d207cd2b7982258d53f9e8bb01c00961f,1589882804,.
59b9faa064bbaca608565ce4388dc91ed6b83d2f,1589796390,.
262a7fbba9beebb1c220a59337763ef2af471cd6,1589709977,.
607d538f329f02b68d5bafa92010d06b79c1553e,1589624040,.
2361dc7956a405022131f18ff4c34a2fb10611e3,1589537093,.
0ebd0d7b7ad27e6284cee389cddd9b8544d975da,1589450755,.
0cf6f117d8e8242165b379fe041d99f803c76c38,1589364641,.
2b20c93aee37265b61b9ccb21fb219698f1b26bb,1589278296,.
d96d28feaf47ddbcfd40a50581f2d8b7cdd3d3ae,1589191640,.
017008aa0494642feccd637cadbce26cb21ad5da,1589105179,.
1d5cf61b1a3f26a624c74bbf70eb45bdaef4b812,1589019250,.
4918f32bbafd749fcbb015c7669147f71daccbbf,1588932336,.
fbc1cbe251c5bd959ef5be8d27c8850e355080c7,1588846574,.
e5415c60fecc446b39e50ba032d3a21838083d6a,1588759489,.
d7b2e7e6e66688bb8a0e45030d2225002da395fd,1588673053,.
a31107a375647ca03dd1d17b3b3475f8ecf286c9,1588587171,.
c293b5a42fc40ee4331de99aa6d30f5bcfdd6de1,1588500352,.
547c91cc8c5c689cbcbecbda8cd20a56c7bdeb4e,1588413741,.
6042d202fb6743a627d99d552b6d6339eb540111,1588327226,.
3c7589bc051fa1b680d109b10074d1672a0ec566,1588239496,.
41908a8ae87c881c63dd4e0e7f9081f8ac46a369,1588153153,.
7a746e6bbfd156d822657787f6e8b1c0c21dd678,1588066919,.
314896c20fb9238bb02859ac319cb0e759e6d7f9,1587981076,.
dfe9410e388ad311bee50b8dca497f66708294a5,1587893914,.
9c0f67fbfacebe2e66b38c75479b2fb33e861115,1587805953,.
dfabea64663d9513be33649309d4166d96b1317e,1587721642,.
bfea6de875ec771ed3f6439b914455bb2f623e73,1587634474,.
05a5425b5b6d39b4a76b9c6ab51267eeda513b2e,1587549095,.
89eb7a41ea650569e6c6717c563310194ff74364,1587462668,.
29659ed918c0bfd50bdd7a79ab47cb176b5357cc,1587375799,.
b3a3c2f3b017ae60fb3095361cd27df4a97e488d,1587289922,.
9eb48f687a8abdf1fab0d48750efbf562f7e4a70,1587203166,.
17d3b0410f7490efbede55d5fe2e9bf6bdf99d6a,1587116379,.
c2a2a08f2d545373378b2efa00ebcc1fcc4b96ec,1587027049,.
ee9ee00629556e9b9e5c28b756ed0879c6f35b05,1586980377,.
3852ed1afcc4ea7373cf396d904186f41e7bdd0f,1586888025,.
5fef81a29d61f6a2254683b051cad4dc58e8a493,1586789006,.
a5ff2d4ff7280ac09b9461d8548b0ba9fb1be674,1586676658,.
a03fc75c44187398207019511844a15b38ff19c4,1586635337,.
0d04a1390d11240e1d2b1273af8b3d5ddc419013,1586547185,.
308b5fee738629d733384db5304451f73ceb1459,1586443114,.
34c101bf483c3fd916bffad7300509497feb356d,1586385752,.
c19d0e9135add362a60526481dfa302c1e3a3c10,1586283091,.
69cadd7fa969f1410099b4518f806026810c472f,1586170736,.
f83d0ebf5b8a4b663750095a836162dd0ce770df,1586098761,.
c666a8c805c7071c041f9738cf45113f1404ae0a,1586012349,.
51be701ca4581870ca9e0fffd4ee3dbbc2c6593e,1585939171,.
49492957c95012c7be128166ecb4f3be82a6c22f,1585842014,.
f05ff55a456bb4b1c7685b0cf53ae55a3d01237e,1585756933,.
a2a01f0c78100bb73d16c2a9489406e1b7d85923,1585690720,.
2dbff3375d721525c4b47e2466bfe20099561af9,1585566628,.
3f47d188f054074df667cec84d55a5e43769d5fd,1585492420,.
91047269b64be37ee80484086ceb2506b1a9a94a,1585409349,.
9a5e4a81fb4bd48b6083f76f87153a331081e378,1585340715,.
9cfec4a154d93734535751796b98097da25a5c6e,1585222905,.
6fda76ef264cd26254f0e50ed268849e820c048a,1585143802,xml in root
548ad703d8b9cf9c50b56141c26fb47864a91da1,1585143178,.